kind,event_subtype,timestamp_us,sequence,validity,accel_x_mg,accel_y_mg,accel_z_mg,gyro_x_mdps,gyro_y_mdps,gyro_z_mdps,payload_length,g000_z0_raw,g000_z1_raw,g000_z2_raw,g000_z3_raw,g000_z4_raw,g000_z5_raw,g000_z6_raw,g000_z7_raw,g000_z8_raw,g000_z9_raw,g001_z1_raw,g001_z2_raw,g001_z3_raw,g001_z4_raw,g002_z1_raw,g002_z2_raw,g002_z3_raw,g002_z4_raw,g003_z1_raw,g003_z2_raw,g003_z3_raw,g003_z4_raw,g004_z1_raw,g004_z2_raw,g004_z3_raw,g004_z4_raw
IMU_ORIENTATION,,80838060,,,,,,,,,16,,,,,,,,,,,,,,,,,,,,,,,,,,
START,,80838060,,,,,,,,,0,,,,,,,,,,,,,,,,,,,,,,,,,,
IMU_SAMPLE,,80862531,1749,7,-38,193,-970,244,122,0,40,,,,,,,,,,,,,,,,,,,,,,,,,,
IMU_SAMPLE,,80988538,1750,7,-38,196,-969,183,183,0,40,,,,,,,,,,,,,,,,,,,,,,,,,,
ECU_SNAPSHOT,,80994508,100,,,,,,,,1112,66,148,56,32,163,32,128,36,24,240,255,56,60,0,255,24,148,66,255,0,0,145,255,0,255,32
IMU_SAMPLE,,81022527,1751,7,-37,194,-971,183,0,0,40,,,,,,,,,,,,,,,,,,,,,,,,,,
IMU_SAMPLE,,81142403,1752,7,-37,196,-971,122,0,-122,40,,,,,,,,,,,,,,,,,,,,,,,,,,
IMU_SAMPLE,,81182527,1753,7,-39,196,-974,244,122,-244,40,,,,,,,,,,,,,,,,,,,,,,,,,,
IMU_SAMPLE,,81222527,1754,7,-37,194,-974,305,244,0,40,,,,,,,,,,,,,,,,,,,,,,,,,,
IMU_SAMPLE,,81262527,1755,7,-37,195,-972,244,122,0,40,,,,,,,,,,,,,,,,,,,,,,,,,,
IMU_SAMPLE,,81302528,1756,7,-37,194,-973,305,122,-61,40,,,,,,,,,,,,,,,,,,,,,,,,,,
IMU_SAMPLE,,81342527,1757,7,-37,195,-971,366,0,0,40,,,,,,,,,,,,,,,,,,,,,,,,,,
IMU_SAMPLE,,81382527,1758,7,-37,192,-971,183,0,0,40,,,,,,,,,,,,,,,,,,,,,,,,,,
IMU_SAMPLE,,81422527,1759,7,-37,196,-972,183,61,0,40,,,,,,,,,,,,,,,,,,,,,,,,,,
ECU_SNAPSHOT,,81427804,101,,,,,,,,1112,66,148,56,32,163,32,128,36,24,240,255,56,60,0,255,24,147,66,255,0,0,145,255,0,255,32
IMU_SAMPLE,,81536965,1760,7,-37,198,-972,244,122,0,40,,,,,,,,,,,,,,,,,,,,,,,,,,
IMU_SAMPLE,,81542527,1761,5,0,0,0,122,0,-122,40,,,,,,,,,,,,,,,,,,,,,,,,,,
IMU_SAMPLE,,81582527,1762,7,-39,196,-973,183,183,-122,40,,,,,,,,,,,,,,,,,,,,,,,,,,
IMU_SAMPLE,,81691269,1763,7,-39,195,-972,183,122,-122,40,,,,,,,,,,,,,,,,,,,,,,,,,,
ECU_SNAPSHOT,,81698134,102,,,,,,,,1112,66,148,56,32,163,32,128,36,24,240,255,56,60,0,255,24,147,66,255,0,0,145,255,0,255,32
IMU_SAMPLE,,81702535,1764,7,-39,195,-973,183,-61,-61,40,,,,,,,,,,,,,,,,,,,,,,,,,,
IMU_SAMPLE,,81742536,1765,7,-38,194,-973,244,0,0,40,,,,,,,,,,,,,,,,,,,,,,,,,,
IMU_SAMPLE,,81846038,1766,7,-37,197,-974,183,61,61,40,,,,,,,,,,,,,,,,,,,,,,,,,,
IMU_SAMPLE,,81862536,1767,7,-39,196,-973,122,61,-61,40,,,,,,,,,,,,,,,,,,,,,,,,,,
IMU_SAMPLE,,81902535,1768,7,-37,193,-971,244,61,-122,40,,,,,,,,,,,,,,,,,,,,,,,,,,
IMU_SAMPLE,,81942535,1769,7,-38,195,-972,183,-122,61,40,,,,,,,,,,,,,,,,,,,,,,,,,,
IMU_SAMPLE,,81982535,1770,7,-38,196,-973,122,-122,-122,40,,,,,,,,,,,,,,,,,,,,,,,,,,
IMU_SAMPLE,,82022535,1771,7,-39,194,-971,183,122,61,40,,,,,,,,,,,,,,,,,,,,,,,,,,
IMU_SAMPLE,,82062535,1772,7,-37,196,-971,61,0,-122,40,,,,,,,,,,,,,,,,,,,,,,,,,,
IMU_SAMPLE,,82102535,1773,7,-37,196,-973,244,122,-244,40,,,,,,,,,,,,,,,,,,,,,,,,,,
IMU_SAMPLE,,82142535,1774,7,-39,194,-970,183,244,-61,40,,,,,,,,,,,,,,,,,,,,,,,,,,
IMU_SAMPLE,,82182535,1775,7,-38,195,-970,122,61,-61,40,,,,,,,,,,,,,,,,,,,,,,,,,,
IMU_SAMPLE,,82222535,1776,7,-37,195,-974,183,0,-61,40,,,,,,,,,,,,,,,,,,,,,,,,,,
IMU_SAMPLE,,82262535,1777,7,-39,195,-972,183,61,-61,40,,,,,,,,,,,,,,,,,,,,,,,,,,
IMU_SAMPLE,,82302536,1778,7,-38,195,-973,183,61,61,40,,,,,,,,,,,,,,,,,,,,,,,,,,
IMU_SAMPLE,,82342535,1779,7,-37,195,-974,244,61,0,40,,,,,,,,,,,,,,,,,,,,,,,,,,
IMU_SAMPLE,,82382535,1780,7,-40,195,-971,244,183,-122,40,,,,,,,,,,,,,,,,,,,,,,,,,,
IMU_SAMPLE,,82422535,1781,7,-39,195,-972,305,0,0,40,,,,,,,,,,,,,,,,,,,,,,,,,,
IMU_SAMPLE,,82462535,1782,7,-37,196,-973,122,61,-61,40,,,,,,,,,,,,,,,,,,,,,,,,,,
IMU_SAMPLE,,82502535,1783,7,-38,196,-972,122,183,0,40,,,,,,,,,,,,,,,,,,,,,,,,,,
IMU_SAMPLE,,82542535,1784,7,-39,194,-972,183,122,-122,40,,,,,,,,,,,,,,,,,,,,,,,,,,
IMU_SAMPLE,,82582535,1785,7,-39,193,-972,183,122,61,40,,,,,,,,,,,,,,,,,,,,,,,,,,
IMU_SAMPLE,,82622535,1786,7,-39,194,-970,183,0,-61,40,,,,,,,,,,,,,,,,,,,,,,,,,,
IMU_SAMPLE,,82662535,1787,7,-37,195,-971,183,122,-61,40,,,,,,,,,,,,,,,,,,,,,,,,,,
IMU_SAMPLE,,82702535,1788,7,-38,194,-974,183,-122,-61,40,,,,,,,,,,,,,,,,,,,,,,,,,,
IMU_SAMPLE,,82742535,1789,7,-38,194,-971,244,122,61,40,,,,,,,,,,,,,,,,,,,,,,,,,,
IMU_SAMPLE,,82782535,1790,7,-36,196,-974,61,244,-61,40,,,,,,,,,,,,,,,,,,,,,,,,,,
IMU_SAMPLE,,82822535,1791,7,-39,194,-971,305,0,-61,40,,,,,,,,,,,,,,,,,,,,,,,,,,
IMU_SAMPLE,,82862536,1792,7,-37,194,-973,244,0,0,40,,,,,,,,,,,,,,,,,,,,,,,,,,
MARKER,SPROTZ_START,82875873,,,,,,,,,2,,,,,,,,,,,,,,,,,,,,,,,,,,
IMU_SAMPLE,,82902542,1793,7,-39,195,-973,183,183,-122,40,,,,,,,,,,,,,,,,,,,,,,,,,,
ECU_SNAPSHOT,,82944392,103,,,,,,,,1112,66,148,56,32,163,32,128,36,24,240,255,56,60,0,255,24,147,66,255,0,0,145,255,0,255,32
IMU_SAMPLE,,83021451,1794,7,-38,195,-974,183,61,-61,40,,,,,,,,,,,,,,,,,,,,,,,,,,
IMU_SAMPLE,,83022528,1795,0,0,0,0,0,0,0,40,,,,,,,,,,,,,,,,,,,,,,,,,,
IMU_SAMPLE,,83062527,1796,7,-38,195,-971,183,122,-122,40,,,,,,,,,,,,,,,,,,,,,,,,,,
IMU_SAMPLE,,83175082,1797,7,-38,195,-971,183,122,0,40,,,,,,,,,,,,,,,,,,,,,,,,,,
IMU_SAMPLE,,83182527,1798,7,-37,195,-973,183,122,0,40,,,,,,,,,,,,,,,,,,,,,,,,,,
IMU_SAMPLE,,83222527,1799,7,-38,195,-971,122,183,-61,40,,,,,,,,,,,,,,,,,,,,,,,,,,
IMU_SAMPLE,,83262527,1800,7,-37,194,-973,244,122,0,40,,,,,,,,,,,,,,,,,,,,,,,,,,
IMU_SAMPLE,,83302527,1801,7,-37,195,-971,122,183,-61,40,,,,,,,,,,,,,,,,,,,,,,,,,,
IMU_SAMPLE,,83342527,1802,7,-39,196,-971,61,183,-122,40,,,,,,,,,,,,,,,,,,,,,,,,,,
ECU_SNAPSHOT,,83369717,104,,,,,,,,1112,66,148,56,32,163,32,128,36,24,240,255,56,60,0,255,24,147,66,255,0,0,144,255,0,255,32
IMU_SAMPLE,,83470360,1803,7,-38,195,-972,122,61,-61,40,,,,,,,,,,,,,,,,,,,,,,,,,,
IMU_SAMPLE,,83502527,1804,7,-39,195,-973,183,122,-61,40,,,,,,,,,,,,,,,,,,,,,,,,,,
IMU_SAMPLE,,83624804,1805,7,-34,194,-968,183,61,-61,40,,,,,,,,,,,,,,,,,,,,,,,,,,
ECU_SNAPSHOT,,83640050,105,,,,,,,,1112,66,148,56,32,163,32,128,36,24,240,255,56,60,0,255,24,147,66,255,0,0,144,255,0,255,32
IMU_SAMPLE,,83662527,1806,7,-38,192,-967,122,-305,-122,40,,,,,,,,,,,,,,,,,,,,,,,,,,
IMU_SAMPLE,,83779573,1807,7,-40,196,-992,305,1099,305,40,,,,,,,,,,,,,,,,,,,,,,,,,,
IMU_SAMPLE,,83782527,1808,0,0,0,0,0,0,0,40,,,,,,,,,,,,,,,,,,,,,,,,,,
IMU_SAMPLE,,83822527,1809,7,-42,199,-986,488,2869,488,40,,,,,,,,,,,,,,,,,,,,,,,,,,
IMU_SAMPLE,,83862527,1810,7,-29,183,-911,122,-183,0,40,,,,,,,,,,,,,,,,,,,,,,,,,,
IMU_SAMPLE,,83902527,1811,7,-38,204,-996,-61,-427,-305,40,,,,,,,,,,,,,,,,,,,,,,,,,,
IMU_SAMPLE,,83942527,1812,7,-32,191,-950,977,305,-61,40,,,,,,,,,,,,,,,,,,,,,,,,,,
IMU_SAMPLE,,83982527,1813,7,-39,188,-991,-366,-549,-244,40,,,,,,,,,,,,,,,,,,,,,,,,,,
IMU_SAMPLE,,84022527,1814,7,-36,197,-1029,-244,366,0,40,,,,,,,,,,,,,,,,,,,,,,,,,,
IMU_SAMPLE,,84062527,1815,7,-31,184,-928,854,-549,-244,40,,,,,,,,,,,,,,,,,,,,,,,,,,
IMU_SAMPLE,,84102527,1816,7,-39,197,-970,-61,-549,-183,40,,,,,,,,,,,,,,,,,,,,,,,,,,
IMU_SAMPLE,,84142527,1817,7,-38,205,-1006,122,732,122,40,,,,,,,,,,,,,,,,,,,,,,,,,,
IMU_SAMPLE,,84182527,1818,7,-32,191,-945,305,-366,61,40,,,,,,,,,,,,,,,,,,,,,,,,,,
IMU_SAMPLE,,84222527,1819,7,-40,196,-973,122,-244,-183,40,,,,,,,,,,,,,,,,,,,,,,,,,,
IMU_SAMPLE,,84262527,1820,7,-39,196,-984,183,671,0,40,,,,,,,,,,,,,,,,,,,,,,,,,,
IMU_SAMPLE,,84302527,1821,7,-35,190,-963,61,-244,-122,40,,,,,,,,,,,,,,,,,,,,,,,,,,
IMU_SAMPLE,,84342527,1822,7,-37,195,-976,366,61,-183,40,,,,,,,,,,,,,,,,,,,,,,,,,,
IMU_SAMPLE,,84382527,1823,7,-37,196,-975,122,305,61,40,,,,,,,,,,,,,,,,,,,,,,,,,,
IMU_SAMPLE,,84422527,1824,7,-33,197,-970,0,61,-61,40,,,,,,,,,,,,,,,,,,,,,,,,,,
IMU_SAMPLE,,84462527,1825,7,-35,197,-968,427,61,-122,40,,,,,,,,,,,,,,,,,,,,,,,,,,
IMU_SAMPLE,,84502527,1826,7,-33,195,-973,244,61,0,40,,,,,,,,,,,,,,,,,,,,,,,,,,
IMU_SAMPLE,,84542527,1827,7,-33,191,-978,61,183,-61,40,,,,,,,,,,,,,,,,,,,,,,,,,,
IMU_SAMPLE,,84582527,1828,7,-34,189,-970,183,61,-122,40,,,,,,,,,,,,,,,,,,,,,,,,,,
IMU_SAMPLE,,84622527,1829,7,-36,191,-976,244,61,0,40,,,,,,,,,,,,,,,,,,,,,,,,,,
IMU_SAMPLE,,84662527,1830,7,-34,195,-972,61,244,-61,40,,,,,,,,,,,,,,,,,,,,,,,,,,
IMU_SAMPLE,,84702527,1831,7,-38,197,-969,183,122,61,40,,,,,,,,,,,,,,,,,,,,,,,,,,
IMU_SAMPLE,,84742527,1832,7,-38,198,-971,183,183,0,40,,,,,,,,,,,,,,,,,,,,,,,,,,
IMU_SAMPLE,,84782527,1833,7,-38,199,-972,0,61,-122,40,,,,,,,,,,,,,,,,,,,,,,,,,,
IMU_SAMPLE,,84822527,1834,7,-37,197,-975,244,122,-61,40,,,,,,,,,,,,,,,,,,,,,,,,,,
IMU_SAMPLE,,84862527,1835,7,-37,193,-966,244,183,0,40,,,,,,,,,,,,,,,,,,,,,,,,,,
MARKER,MARKER,84878066,,,,,,,,,2,,,,,,,,,,,,,,,,,,,,,,,,,,
ECU_SNAPSHOT,,84893247,106,,,,,,,,1112,66,148,56,32,163,32,128,36,24,240,255,56,60,0,255,24,147,66,255,0,0,144,255,0,255,32
IMU_SAMPLE,,84995334,1836,7,-31,188,-962,0,-549,-183,40,,,,,,,,,,,,,,,,,,,,,,,,,,
IMU_SAMPLE,,85022527,1837,7,-35,197,-984,0,-61,61,40,,,,,,,,,,,,,,,,,,,,,,,,,,
IMU_SAMPLE,,85149410,1838,7,-37,197,-979,244,305,-244,40,,,,,,,,,,,,,,,,,,,,,,,,,,
IMU_SAMPLE,,85182527,1839,7,-35,193,-962,244,61,-244,40,,,,,,,,,,,,,,,,,,,,,,,,,,
IMU_SAMPLE,,85222527,1840,7,-40,197,-979,0,-183,-61,40,,,,,,,,,,,,,,,,,,,,,,,,,,
IMU_SAMPLE,,85262527,1841,7,-39,193,-972,305,427,61,40,,,,,,,,,,,,,,,,,,,,,,,,,,
IMU_SAMPLE,,85302527,1842,7,-37,192,-968,244,-122,-122,40,,,,,,,,,,,,,,,,,,,,,,,,,,
ECU_SNAPSHOT,,85327569,107,,,,,,,,1112,66,148,56,32,163,32,128,36,24,240,255,56,60,0,255,24,147,66,255,0,0,144,255,0,255,32
IMU_SAMPLE,,85342527,1843,7,-38,198,-980,122,183,-122,40,,,,,,,,,,,,,,,,,,,,,,,,,,
IMU_SAMPLE,,85444146,1844,7,-31,197,-971,244,305,-61,40,,,,,,,,,,,,,,,,,,,,,,,,,,
IMU_SAMPLE,,85462527,1845,7,-33,193,-965,305,183,-61,40,,,,,,,,,,,,,,,,,,,,,,,,,,
IMU_SAMPLE,,85502527,1846,7,-32,198,-975,61,-61,-122,40,,,,,,,,,,,,,,,,,,,,,,,,,,
IMU_SAMPLE,,85598648,1847,7,-37,193,-969,122,-183,0,40,,,,,,,,,,,,,,,,,,,,,,,,,,
IMU_SAMPLE,,85622527,1848,7,-37,193,-977,305,-183,-61,40,,,,,,,,,,,,,,,,,,,,,,,,,,
IMU_SAMPLE,,85662527,1849,7,-40,192,-969,244,122,0,40,,,,,,,,,,,,,,,,,,,,,,,,,,
IMU_SAMPLE,,85702527,1850,7,-39,193,-970,61,-122,-366,40,,,,,,,,,,,,,,,,,,,,,,,,,,
IMU_SAMPLE,,85742527,1851,7,-40,196,-979,183,305,-122,40,,,,,,,,,,,,,,,,,,,,,,,,,,
IMU_SAMPLE,,85782527,1852,7,-36,197,-967,61,122,-61,40,,,,,,,,,,,,,,,,,,,,,,,,,,
IMU_SAMPLE,,85822527,1853,7,-36,199,-974,0,61,-61,40,,,,,,,,,,,,,,,,,,,,,,,,,,
IMU_SAMPLE,,85862527,1854,7,-34,199,-971,305,183,0,40,,,,,,,,,,,,,,,,,,,,,,,,,,
IMU_SAMPLE,,85902527,1855,7,-33,194,-969,122,61,-61,40,,,,,,,,,,,,,,,,,,,,,,,,,,
ECU_SNAPSHOT,,85925826,108,,,,,,,,1112,66,147,56,32,163,32,128,36,24,240,255,56,60,0,255,24,147,66,255,0,0,144,255,0,255,32
IMU_SAMPLE,,86034856,1856,7,-34,191,-976,61,61,0,40,,,,,,,,,,,,,,,,,,,,,,,,,,
IMU_SAMPLE,,86062527,1857,7,-35,192,-973,305,-61,61,40,,,,,,,,,,,,,,,,,,,,,,,,,,
IMU_SAMPLE,,86189702,1858,7,-35,197,-969,0,61,-122,40,,,,,,,,,,,,,,,,,,,,,,,,,,
ECU_SNAPSHOT,,86196154,109,,,,,,,,1112,66,147,56,32,163,32,128,36,24,240,255,56,60,0,255,24,147,66,255,0,0,144,255,0,255,32
IMU_SAMPLE,,86222527,1859,7,-38,197,-972,61,-61,-183,40,,,,,,,,,,,,,,,,,,,,,,,,,,
IMU_SAMPLE,,86345574,1860,7,-36,197,-974,305,244,-122,40,,,,,,,,,,,,,,,,,,,,,,,,,,
IMU_SAMPLE,,86382527,1861,7,-35,193,-970,244,122,-61,40,,,,,,,,,,,,,,,,,,,,,,,,,,
IMU_SAMPLE,,86422527,1862,7,-34,192,-973,183,0,-183,40,,,,,,,,,,,,,,,,,,,,,,,,,,
IMU_SAMPLE,,86462527,1863,7,-35,194,-974,183,0,-122,40,,,,,,,,,,,,,,,,,,,,,,,,,,
IMU_SAMPLE,,86502527,1864,7,-37,193,-971,-122,183,-61,40,,,,,,,,,,,,,,,,,,,,,,,,,,
IMU_SAMPLE,,86542527,1865,7,-36,194,-974,244,183,0,40,,,,,,,,,,,,,,,,,,,,,,,,,,
IMU_SAMPLE,,86582527,1866,7,-36,195,-972,183,122,-183,40,,,,,,,,,,,,,,,,,,,,,,,,,,
IMU_SAMPLE,,86622527,1867,7,-34,196,-970,61,61,-183,40,,,,,,,,,,,,,,,,,,,,,,,,,,
IMU_SAMPLE,,86662527,1868,7,-33,195,-974,183,122,0,40,,,,,,,,,,,,,,,,,,,,,,,,,,
IMU_SAMPLE,,86702527,1869,7,-34,194,-973,61,122,0,40,,,,,,,,,,,,,,,,,,,,,,,,,,
IMU_SAMPLE,,86742527,1870,7,-33,194,-974,244,0,-183,40,,,,,,,,,,,,,,,,,,,,,,,,,,
IMU_SAMPLE,,86782527,1871,7,-33,194,-970,183,61,-61,40,,,,,,,,,,,,,,,,,,,,,,,,,,
IMU_SAMPLE,,86822527,1872,7,-36,194,-972,183,61,0,40,,,,,,,,,,,,,,,,,,,,,,,,,,
IMU_SAMPLE,,86862527,1873,7,-39,197,-973,122,183,-61,40,,,,,,,,,,,,,,,,,,,,,,,,,,
IMU_SAMPLE,,86902527,1874,7,-38,195,-970,61,122,-61,40,,,,,,,,,,,,,,,,,,,,,,,,,,
MARKER,SPROTZ_STOP,86911775,,,,,,,,,2,,,,,,,,,,,,,,,,,,,,,,,,,,
IMU_SAMPLE,,86942527,1875,7,-39,195,-973,244,61,-122,40,,,,,,,,,,,,,,,,,,,,,,,,,,
IMU_SAMPLE,,87060554,1876,7,-33,193,-973,183,61,-61,40,,,,,,,,,,,,,,,,,,,,,,,,,,
IMU_SAMPLE,,87062527,1877,0,0,0,0,0,0,0,40,,,,,,,,,,,,,,,,,,,,,,,,,,
IMU_SAMPLE,,87102527,1878,7,-32,192,-971,122,0,-122,40,,,,,,,,,,,,,,,,,,,,,,,,,,
IMU_SAMPLE,,87142527,1879,7,-31,194,-975,183,61,-122,40,,,,,,,,,,,,,,,,,,,,,,,,,,
IMU_SAMPLE,,87182527,1880,7,-31,194,-975,244,122,-61,40,,,,,,,,,,,,,,,,,,,,,,,,,,
IMU_SAMPLE,,87222527,1881,7,-33,194,-972,244,-61,122,40,,,,,,,,,,,,,,,,,,,,,,,,,,
IMU_SAMPLE,,87262527,1882,7,-37,193,-973,183,61,0,40,,,,,,,,,,,,,,,,,,,,,,,,,,
IMU_SAMPLE,,87302527,1883,7,-39,196,-970,122,-122,-122,40,,,,,,,,,,,,,,,,,,,,,,,,,,
IMU_SAMPLE,,87342527,1884,7,-41,196,-968,122,61,0,40,,,,,,,,,,,,,,,,,,,,,,,,,,
IMU_SAMPLE,,87382527,1885,7,-42,198,-968,122,-427,-244,40,,,,,,,,,,,,,,,,,,,,,,,,,,
IMU_SAMPLE,,87422527,1886,7,-40,195,-986,488,671,-61,40,,,,,,,,,,,,,,,,,,,,,,,,,,
IMU_SAMPLE,,87462527,1887,7,-34,188,-965,-61,61,61,40,,,,,,,,,,,,,,,,,,,,,,,,,,
IMU_SAMPLE,,87502527,1888,7,-37,192,-974,122,-61,-61,40,,,,,,,,,,,,,,,,,,,,,,,,,,
IMU_SAMPLE,,87542527,1889,7,-34,194,-971,366,244,61,40,,,,,,,,,,,,,,,,,,,,,,,,,,
IMU_SAMPLE,,87582527,1890,7,-31,195,-974,-122,-61,-61,40,,,,,,,,,,,,,,,,,,,,,,,,,,
IMU_SAMPLE,,87622527,1891,7,-33,197,-974,305,122,-61,40,,,,,,,,,,,,,,,,,,,,,,,,,,
IMU_SAMPLE,,87662527,1892,7,-32,195,-969,244,183,0,40,,,,,,,,,,,,,,,,,,,,,,,,,,
IMU_SAMPLE,,87702527,1893,7,-37,195,-980,122,0,-61,40,,,,,,,,,,,,,,,,,,,,,,,,,,
IMU_SAMPLE,,87742527,1894,7,-37,197,-982,244,244,-122,40,,,,,,,,,,,,,,,,,,,,,,,,,,
IMU_SAMPLE,,87782527,1895,7,-35,193,-962,122,-183,-122,40,,,,,,,,,,,,,,,,,,,,,,,,,,
IMU_SAMPLE,,87822527,1896,7,-38,198,-975,122,-61,0,40,,,,,,,,,,,,,,,,,,,,,,,,,,
IMU_SAMPLE,,87862527,1897,7,-36,198,-969,122,61,0,40,,,,,,,,,,,,,,,,,,,,,,,,,,
IMU_SAMPLE,,87902527,1898,7,-37,197,-970,122,0,0,40,,,,,,,,,,,,,,,,,,,,,,,,,,
IMU_SAMPLE,,87942527,1899,7,-37,195,-974,366,122,0,40,,,,,,,,,,,,,,,,,,,,,,,,,,
IMU_SAMPLE,,87982527,1900,7,-35,196,-971,183,0,-61,40,,,,,,,,,,,,,,,,,,,,,,,,,,
ECU_SNAPSHOT,,87989979,110,,,,,,,,1112,66,147,56,32,163,32,128,36,24,240,255,56,60,0,255,24,147,66,255,0,0,144,255,0,255,32
IMU_SAMPLE,,88095713,1901,7,-34,194,-970,61,244,-61,40,,,,,,,,,,,,,,,,,,,,,,,,,,
IMU_SAMPLE,,88102527,1902,5,0,0,0,122,122,0,40,,,,,,,,,,,,,,,,,,,,,,,,,,
IMU_SAMPLE,,88142527,1903,7,-33,192,-973,122,-61,-61,40,,,,,,,,,,,,,,,,,,,,,,,,,,
IMU_SAMPLE,,88250691,1904,7,-37,196,-973,61,61,-61,40,,,,,,,,,,,,,,,,,,,,,,,,,,
IMU_SAMPLE,,88262527,1905,7,-37,195,-974,122,0,-122,40,,,,,,,,,,,,,,,,,,,,,,,,,,
IMU_SAMPLE,,88302527,1906,7,-38,197,-972,366,61,-122,40,,,,,,,,,,,,,,,,,,,,,,,,,,
IMU_SAMPLE,,88342538,1907,7,-37,195,-974,61,61,0,40,,,,,,,,,,,,,,,,,,,,,,,,,,
IMU_SAMPLE,,88382538,1908,7,-39,196,-975,244,122,-61,40,,,,,,,,,,,,,,,,,,,,,,,,,,
ECU_SNAPSHOT,,88415341,111,,,,,,,,1112,66,147,56,32,163,32,128,36,24,240,255,55,60,0,255,24,147,66,255,0,0,144,255,0,255,32
IMU_SAMPLE,,88422545,1909,7,-37,196,-975,305,427,61,40,,,,,,,,,,,,,,,,,,,,,,,,,,
IMU_SAMPLE,,88526715,1910,7,-35,199,-979,244,244,61,40,,,,,,,,,,,,,,,,,,,,,,,,,,
IMU_SAMPLE,,88542527,1911,7,-34,194,-972,305,244,-61,40,,,,,,,,,,,,,,,,,,,,,,,,,,
IMU_SAMPLE,,88582527,1912,7,-34,195,-967,0,-244,-122,40,,,,,,,,,,,,,,,,,,,,,,,,,,
IMU_SAMPLE,,88681654,1913,7,-34,195,-965,61,-61,0,40,,,,,,,,,,,,,,,,,,,,,,,,,,
ECU_SNAPSHOT,,88685662,112,,,,,,,,1112,66,147,56,32,163,32,128,36,24,240,255,55,60,0,255,24,147,66,255,0,0,144,255,0,255,32
IMU_SAMPLE,,88702536,1914,7,-36,195,-973,122,-183,-122,40,,,,,,,,,,,,,,,,,,,,,,,,,,
IMU_SAMPLE,,88835873,1915,7,-38,196,-980,122,183,0,40,,,,,,,,,,,,,,,,,,,,,,,,,,
IMU_SAMPLE,,88862536,1916,7,-37,194,-968,305,305,0,40,,,,,,,,,,,,,,,,,,,,,,,,,,
IMU_SAMPLE,,88902535,1917,7,-37,195,-969,122,-61,-122,40,,,,,,,,,,,,,,,,,,,,,,,,,,
IMU_SAMPLE,,88942535,1918,7,-36,196,-978,183,427,-122,40,,,,,,,,,,,,,,,,,,,,,,,,,,
IMU_SAMPLE,,88982535,1919,7,-33,192,-969,183,305,122,40,,,,,,,,,,,,,,,,,,,,,,,,,,
IMU_SAMPLE,,89022535,1920,7,-34,194,-974,61,61,0,40,,,,,,,,,,,,,,,,,,,,,,,,,,
IMU_SAMPLE,,89062535,1921,7,-35,193,-971,183,122,0,40,,,,,,,,,,,,,,,,,,,,,,,,,,
IMU_SAMPLE,,89102535,1922,7,-33,193,-969,122,-61,-122,40,,,,,,,,,,,,,,,,,,,,,,,,,,
IMU_SAMPLE,,89142536,1923,7,-36,194,-978,244,-61,61,40,,,,,,,,,,,,,,,,,,,,,,,,,,
IMU_SAMPLE,,89182536,1924,7,-36,195,-972,183,0,-122,40,,,,,,,,,,,,,,,,,,,,,,,,,,
IMU_SAMPLE,,89222535,1925,7,-37,193,-972,61,0,-61,40,,,,,,,,,,,,,,,,,,,,,,,,,,
IMU_SAMPLE,,89262535,1926,7,-37,197,-968,122,122,-183,40,,,,,,,,,,,,,,,,,,,,,,,,,,
IMU_SAMPLE,,89302535,1927,7,-37,197,-968,183,0,61,40,,,,,,,,,,,,,,,,,,,,,,,,,,
IMU_SAMPLE,,89342536,1928,7,-40,197,-974,122,61,0,40,,,,,,,,,,,,,,,,,,,,,,,,,,
IMU_SAMPLE,,89382535,1929,7,-37,196,-974,244,244,61,40,,,,,,,,,,,,,,,,,,,,,,,,,,
IMU_SAMPLE,,89422535,1930,7,-35,196,-976,244,183,-122,40,,,,,,,,,,,,,,,,,,,,,,,,,,
IMU_SAMPLE,,89462536,1931,7,-36,193,-973,183,61,-61,40,,,,,,,,,,,,,,,,,,,,,,,,,,
IMU_SAMPLE,,89502536,1932,7,-34,191,-969,305,61,-183,40,,,,,,,,,,,,,,,,,,,,,,,,,,
IMU_SAMPLE,,89542535,1933,7,-32,192,-971,122,61,0,40,,,,,,,,,,,,,,,,,,,,,,,,,,
IMU_SAMPLE,,89582536,1934,7,-32,194,-972,122,61,0,40,,,,,,,,,,,,,,,,,,,,,,,,,,
IMU_SAMPLE,,89622536,1935,7,-34,197,-1001,-305,61,-122,40,,,,,,,,,,,,,,,,,,,,,,,,,,
IMU_SAMPLE,,89662535,1936,7,-34,209,-1003,183,2014,549,40,,,,,,,,,,,,,,,,,,,,,,,,,,
IMU_SAMPLE,,89702536,1937,7,-30,190,-903,305,-671,-122,40,,,,,,,,,,,,,,,,,,,,,,,,,,
IMU_SAMPLE,,89742536,1938,7,-43,208,-1003,-61,-977,-488,40,,,,,,,,,,,,,,,,,,,,,,,,,,
IMU_SAMPLE,,89782536,1939,7,-40,196,-982,183,916,-61,40,,,,,,,,,,,,,,,,,,,,,,,,,,
IMU_SAMPLE,,89822536,1940,7,-38,185,-949,61,-671,-244,40,,,,,,,,,,,,,,,,,,,,,,,,,,
IMU_SAMPLE,,89862535,1941,7,-42,194,-987,122,-732,-183,40,,,,,,,,,,,,,,,,,,,,,,,,,,
IMU_SAMPLE,,89902536,1942,7,-38,195,-977,244,183,0,40,,,,,,,,,,,,,,,,,,,,,,,,,,
IMU_SAMPLE,,89942535,1943,7,-36,198,-969,183,366,0,40,,,,,,,,,,,,,,,,,,,,,,,,,,
STOP,,89948865,,,,,,,,,0,,,,,,,,,,,,,,,,,,,,,,,,,,
